<?xml version="1.0" encoding="utf-8"?>
<lm-config>
  <keys>
    <!--
    Lambda Menu
	  Use this link to replace keys: https://msdn.microsoft.com/en-us/library/windows/desktop/dd375731(v=vs.85).aspx 
    For now, if you want controller input, you need to map it to a key first using some utility. 
    -->

			<!--Menu Controls-->   
    <key function="toggle_main_menu" value="VK_F5"/> 
    <key function="menu_up" value="VK_NUMPAD8"/> 
    <key function="menu_down" value="VK_NUMPAD2"/> 
    <key function="menu_left" value="VK_NUMPAD4"/> 
    <key function="menu_right" value="VK_NUMPAD6"/> 
    <key function="menu_select" value="VK_NUMPAD5"/> 
    <key function="menu_back" value="VK_NUMPAD0"/>
    
    <!--NoClip Controls-->
    <key function="toggle_noclip" value="VK_F6"/> 
    <key function="noclip_up" value="VK_KEY_Q"/> 
    <key function="noclip_down" value="VK_KEY_Z"/> 
    <key function="noclip_forward" value="VK_KEY_W"/> 
    <key function="noclip_back" value="VK_KEY_S"/> 
    <key function="noclip_rotate_left" value="VK_KEY_A"/> 
    <key function="noclip_rotate_right" value="VK_KEY_D"/> 
    <key function="noclip_speed" value="VK_SHIFT"/>

    <!--Teleport Controls-->	
    <key function="teleport_to_marker" value="VK_F7"/> 

  </keys>
</lm-config>